count,date,month,rate,series,year
430,2000-01-01,1,2.1,Government,2000
409,2000-02-01,2,2.0,Government,2000
311,2000-03-01,3,1.5,Government,2000
269,2000-04-01,4,1.3,Government,2000
370,2000-05-01,5,1.9,Government,2000
603,2000-06-01,6,3.1,Government,2000
545,2000-07-01,7,2.9,Government,2000
583,2000-08-01,8,3.1,Government,2000
408,2000-09-01,9,2.1,Government,2000
391,2000-10-01,10,2.0,Government,2000
384,2000-11-01,11,1.9,Government,2000
365,2000-12-01,12,1.8,Government,2000
463,2001-01-01,1,2.3,Government,2001
298,2001-02-01,2,1.5,Government,2001
355,2001-03-01,3,1.8,Government,2001
369,2001-04-01,4,1.9,Government,2001
361,2001-05-01,5,1.8,Government,2001
525,2001-06-01,6,2.7,Government,2001
548,2001-07-01,7,2.8,Government,2001
540,2001-08-01,8,2.8,Government,2001
438,2001-09-01,9,2.2,Government,2001
429,2001-10-01,10,2.2,Government,2001
420,2001-11-01,11,2.1,Government,2001
419,2001-12-01,12,2.1,Government,2001
486,2002-01-01,1,2.4,Government,2002
508,2002-02-01,2,2.5,Government,2002
477,2002-03-01,3,2.4,Government,2002
447,2002-04-01,4,2.2,Government,2002
484,2002-05-01,5,2.3,Government,2002
561,2002-06-01,6,2.8,Government,2002
645,2002-07-01,7,3.2,Government,2002
596,2002-08-01,8,3.0,Government,2002
530,2002-09-01,9,2.6,Government,2002
499,2002-10-01,10,2.5,Government,2002
468,2002-11-01,11,2.3,Government,2002
446,2002-12-01,12,2.2,Government,2002
571,2003-01-01,1,2.8,Government,2003
483,2003-02-01,2,2.4,Government,2003
526,2003-03-01,3,2.6,Government,2003
440,2003-04-01,4,2.2,Government,2003
478,2003-05-01,5,2.4,Government,2003
704,2003-06-01,6,3.5,Government,2003
749,2003-07-01,7,3.8,Government,2003
745,2003-08-01,8,3.7,Government,2003
556,2003-09-01,9,2.7,Government,2003
500,2003-10-01,10,2.4,Government,2003
542,2003-11-01,11,2.7,Government,2003
516,2003-12-01,12,2.5,Government,2003
511,2004-01-01,1,2.5,Government,2004
490,2004-02-01,2,2.4,Government,2004
530,2004-03-01,3,2.6,Government,2004
433,2004-04-01,4,2.1,Government,2004
468,2004-05-01,5,2.3,Government,2004
580,2004-06-01,6,2.8,Government,2004
741,2004-07-01,7,3.7,Government,2004
676,2004-08-01,8,3.3,Government,2004
568,2004-09-01,9,2.7,Government,2004
561,2004-10-01,10,2.7,Government,2004
514,2004-11-01,11,2.4,Government,2004
499,2004-12-01,12,2.4,Government,2004
555,2005-01-01,1,2.6,Government,2005
472,2005-02-01,2,2.3,Government,2005
468,2005-03-01,3,2.2,Government,2005
478,2005-04-01,4,2.3,Government,2005
453,2005-05-01,5,2.1,Government,2005
681,2005-06-01,6,3.2,Government,2005
683,2005-07-01,7,3.3,Government,2005
664,2005-08-01,8,3.2,Government,2005
568,2005-09-01,9,2.7,Government,2005
502,2005-10-01,10,2.4,Government,2005
494,2005-11-01,11,2.4,Government,2005
393,2005-12-01,12,1.9,Government,2005
457,2006-01-01,1,2.2,Government,2006
472,2006-02-01,2,2.3,Government,2006
461,2006-03-01,3,2.2,Government,2006
414,2006-04-01,4,2.0,Government,2006
429,2006-05-01,5,2.1,Government,2006
578,2006-06-01,6,2.8,Government,2006
659,2006-07-01,7,3.2,Government,2006
595,2006-08-01,8,2.9,Government,2006
396,2006-09-01,9,1.9,Government,2006
424,2006-10-01,10,2.0,Government,2006
400,2006-11-01,11,1.9,Government,2006
395,2006-12-01,12,1.9,Government,2006
476,2007-01-01,1,2.2,Government,2007
405,2007-02-01,2,1.9,Government,2007
419,2007-03-01,3,1.9,Government,2007
408,2007-04-01,4,1.9,Government,2007
428,2007-05-01,5,1.9,Government,2007
572,2007-06-01,6,2.7,Government,2007
704,2007-07-01,7,3.3,Government,2007
695,2007-08-01,8,3.2,Government,2007
525,2007-09-01,9,2.4,Government,2007
492,2007-10-01,10,2.3,Government,2007
482,2007-11-01,11,2.2,Government,2007
451,2007-12-01,12,2.1,Government,2007
471,2008-01-01,1,2.2,Government,2008
372,2008-02-01,2,1.7,Government,2008
425,2008-03-01,3,1.9,Government,2008
373,2008-04-01,4,1.7,Government,2008
461,2008-05-01,5,2.1,Government,2008
654,2008-06-01,6,3.0,Government,2008
770,2008-07-01,7,3.6,Government,2008
721,2008-08-01,8,3.3,Government,2008
573,2008-09-01,9,2.6,Government,2008
552,2008-10-01,10,2.5,Government,2008
527,2008-11-01,11,2.4,Government,2008
511,2008-12-01,12,2.3,Government,2008
652,2009-01-01,1,3.0,Government,2009
563,2009-02-01,2,2.6,Government,2009
598,2009-03-01,3,2.8,Government,2009
575,2009-04-01,4,2.6,Government,2009
702,2009-05-01,5,3.1,Government,2009
991,2009-06-01,6,4.4,Government,2009
1129,2009-07-01,7,5.1,Government,2009
1118,2009-08-01,8,5.1,Government,2009
928,2009-09-01,9,4.2,Government,2009
785,2009-10-01,10,3.5,Government,2009
748,2009-11-01,11,3.4,Government,2009
797,2009-12-01,12,3.6,Government,2009
948,2010-01-01,1,4.3,Government,2010
880,2010-02-01,2,4.0,Government,2010
19,2000-01-01,1,3.9,Mining and Extraction,2000
25,2000-02-01,2,5.5,Mining and Extraction,2000
17,2000-03-01,3,3.7,Mining and Extraction,2000
20,2000-04-01,4,4.1,Mining and Extraction,2000
27,2000-05-01,5,5.3,Mining and Extraction,2000
13,2000-06-01,6,2.6,Mining and Extraction,2000
16,2000-07-01,7,3.6,Mining and Extraction,2000
23,2000-08-01,8,5.1,Mining and Extraction,2000
25,2000-09-01,9,5.8,Mining and Extraction,2000
39,2000-10-01,10,7.8,Mining and Extraction,2000
11,2000-11-01,11,2.0,Mining and Extraction,2000
20,2000-12-01,12,3.8,Mining and Extraction,2000
11,2001-01-01,1,2.3,Mining and Extraction,2001
27,2001-02-01,2,5.3,Mining and Extraction,2001
14,2001-03-01,3,3.0,Mining and Extraction,2001
24,2001-04-01,4,4.7,Mining and Extraction,2001
34,2001-05-01,5,5.9,Mining and Extraction,2001
26,2001-06-01,6,4.7,Mining and Extraction,2001
17,2001-07-01,7,3.1,Mining and Extraction,2001
18,2001-08-01,8,3.3,Mining and Extraction,2001
23,2001-09-01,9,4.2,Mining and Extraction,2001
32,2001-10-01,10,5.4,Mining and Extraction,2001
20,2001-11-01,11,3.6,Mining and Extraction,2001
27,2001-12-01,12,5.3,Mining and Extraction,2001
33,2002-01-01,1,7.0,Mining and Extraction,2002
35,2002-02-01,2,7.5,Mining and Extraction,2002
28,2002-03-01,3,5.3,Mining and Extraction,2002
33,2002-04-01,4,6.1,Mining and Extraction,2002
25,2002-05-01,5,4.9,Mining and Extraction,2002
35,2002-06-01,6,7.1,Mining and Extraction,2002
19,2002-07-01,7,3.9,Mining and Extraction,2002
32,2002-08-01,8,6.3,Mining and Extraction,2002
42,2002-09-01,9,7.9,Mining and Extraction,2002
36,2002-10-01,10,6.4,Mining and Extraction,2002
32,2002-11-01,11,5.4,Mining and Extraction,2002
45,2002-12-01,12,7.8,Mining and Extraction,2002
54,2003-01-01,1,9.0,Mining and Extraction,2003
41,2003-02-01,2,7.1,Mining and Extraction,2003
46,2003-03-01,3,8.2,Mining and Extraction,2003
41,2003-04-01,4,7.7,Mining and Extraction,2003
40,2003-05-01,5,7.5,Mining and Extraction,2003
36,2003-06-01,6,6.8,Mining and Extraction,2003
43,2003-07-01,7,7.9,Mining and Extraction,2003
20,2003-08-01,8,3.8,Mining and Extraction,2003
25,2003-09-01,9,4.6,Mining and Extraction,2003
31,2003-10-01,10,5.6,Mining and Extraction,2003
34,2003-11-01,11,5.9,Mining and Extraction,2003
32,2003-12-01,12,5.6,Mining and Extraction,2003
31,2004-01-01,1,5.8,Mining and Extraction,2004
24,2004-02-01,2,5.0,Mining and Extraction,2004
22,2004-03-01,3,4.4,Mining and Extraction,2004
34,2004-04-01,4,6.4,Mining and Extraction,2004
22,2004-05-01,5,4.3,Mining and Extraction,2004
27,2004-06-01,6,5.0,Mining and Extraction,2004
28,2004-07-01,7,5.4,Mining and Extraction,2004
10,2004-08-01,8,1.9,Mining and Extraction,2004
8,2004-09-01,9,1.5,Mining and Extraction,2004
15,2004-10-01,10,2.6,Mining and Extraction,2004
20,2004-11-01,11,3.3,Mining and Extraction,2004
16,2004-12-01,12,2.5,Mining and Extraction,2004
29,2005-01-01,1,4.9,Mining and Extraction,2005
25,2005-02-01,2,4.0,Mining and Extraction,2005
32,2005-03-01,3,5.2,Mining and Extraction,2005
19,2005-04-01,4,2.9,Mining and Extraction,2005
16,2005-05-01,5,2.4,Mining and Extraction,2005
25,2005-06-01,6,4.0,Mining and Extraction,2005
22,2005-07-01,7,3.7,Mining and Extraction,2005
12,2005-08-01,8,2.0,Mining and Extraction,2005
12,2005-09-01,9,2.0,Mining and Extraction,2005
2,2005-10-01,10,0.3,Mining and Extraction,2005
18,2005-11-01,11,2.9,Mining and Extraction,2005
23,2005-12-01,12,3.5,Mining and Extraction,2005
26,2006-01-01,1,3.9,Mining and Extraction,2006
25,2006-02-01,2,3.8,Mining and Extraction,2006
14,2006-03-01,3,2.1,Mining and Extraction,2006
17,2006-04-01,4,2.5,Mining and Extraction,2006
20,2006-05-01,5,2.8,Mining and Extraction,2006
31,2006-06-01,6,4.3,Mining and Extraction,2006
25,2006-07-01,7,3.5,Mining and Extraction,2006
32,2006-08-01,8,4.3,Mining and Extraction,2006
14,2006-09-01,9,2.1,Mining and Extraction,2006
15,2006-10-01,10,2.2,Mining and Extraction,2006
22,2006-11-01,11,2.9,Mining and Extraction,2006
25,2006-12-01,12,3.4,Mining and Extraction,2006
35,2007-01-01,1,4.7,Mining and Extraction,2007
33,2007-02-01,2,4.5,Mining and Extraction,2007
24,2007-03-01,3,3.2,Mining and Extraction,2007
17,2007-04-01,4,2.3,Mining and Extraction,2007
22,2007-05-01,5,3.0,Mining and Extraction,2007
33,2007-06-01,6,4.3,Mining and Extraction,2007
33,2007-07-01,7,4.3,Mining and Extraction,2007
33,2007-08-01,8,4.6,Mining and Extraction,2007
25,2007-09-01,9,3.2,Mining and Extraction,2007
9,2007-10-01,10,1.3,Mining and Extraction,2007
16,2007-11-01,11,2.3,Mining and Extraction,2007
24,2007-12-01,12,3.4,Mining and Extraction,2007
28,2008-01-01,1,4.0,Mining and Extraction,2008
16,2008-02-01,2,2.2,Mining and Extraction,2008
28,2008-03-01,3,3.7,Mining and Extraction,2008
28,2008-04-01,4,3.6,Mining and Extraction,2008
28,2008-05-01,5,3.4,Mining and Extraction,2008
28,2008-06-01,6,3.3,Mining and Extraction,2008
13,2008-07-01,7,1.5,Mining and Extraction,2008
17,2008-08-01,8,1.9,Mining and Extraction,2008
25,2008-09-01,9,2.8,Mining and Extraction,2008
15,2008-10-01,10,1.7,Mining and Extraction,2008
32,2008-11-01,11,3.7,Mining and Extraction,2008
46,2008-12-01,12,5.2,Mining and Extraction,2008
59,2009-01-01,1,7.0,Mining and Extraction,2009
63,2009-02-01,2,7.6,Mining and Extraction,2009
105,2009-03-01,3,12.6,Mining and Extraction,2009
125,2009-04-01,4,16.1,Mining and Extraction,2009
98,2009-05-01,5,13.3,Mining and Extraction,2009
100,2009-06-01,6,13.6,Mining and Extraction,2009
95,2009-07-01,7,12.6,Mining and Extraction,2009
93,2009-08-01,8,11.8,Mining and Extraction,2009
76,2009-09-01,9,10.7,Mining and Extraction,2009
84,2009-10-01,10,10.8,Mining and Extraction,2009
96,2009-11-01,11,12.0,Mining and Extraction,2009
89,2009-12-01,12,11.8,Mining and Extraction,2009
68,2010-01-01,1,9.1,Mining and Extraction,2010
79,2010-02-01,2,10.7,Mining and Extraction,2010
745,2000-01-01,1,9.7,Construction,2000
812,2000-02-01,2,10.6,Construction,2000
669,2000-03-01,3,8.7,Construction,2000
447,2000-04-01,4,5.8,Construction,2000
397,2000-05-01,5,5.0,Construction,2000
389,2000-06-01,6,4.6,Construction,2000
384,2000-07-01,7,4.4,Construction,2000
446,2000-08-01,8,5.1,Construction,2000
386,2000-09-01,9,4.6,Construction,2000
417,2000-10-01,10,4.9,Construction,2000
482,2000-11-01,11,5.7,Construction,2000
580,2000-12-01,12,6.8,Construction,2000
836,2001-01-01,1,9.8,Construction,2001
826,2001-02-01,2,9.9,Construction,2001
683,2001-03-01,3,8.4,Construction,2001
596,2001-04-01,4,7.1,Construction,2001
478,2001-05-01,5,5.6,Construction,2001
443,2001-06-01,6,5.1,Construction,2001
447,2001-07-01,7,4.9,Construction,2001
522,2001-08-01,8,5.8,Construction,2001
489,2001-09-01,9,5.5,Construction,2001
535,2001-10-01,10,6.1,Construction,2001
670,2001-11-01,11,7.6,Construction,2001
785,2001-12-01,12,9.0,Construction,2001
1211,2002-01-01,1,13.6,Construction,2002
1060,2002-02-01,2,12.2,Construction,2002
1009,2002-03-01,3,11.8,Construction,2002
855,2002-04-01,4,10.1,Construction,2002
626,2002-05-01,5,7.4,Construction,2002
593,2002-06-01,6,6.9,Construction,2002
594,2002-07-01,7,6.9,Construction,2002
654,2002-08-01,8,7.4,Construction,2002
615,2002-09-01,9,7.0,Construction,2002
680,2002-10-01,10,7.7,Construction,2002
758,2002-11-01,11,8.5,Construction,2002
941,2002-12-01,12,10.9,Construction,2002
1196,2003-01-01,1,14.0,Construction,2003
1173,2003-02-01,2,14.0,Construction,2003
987,2003-03-01,3,11.8,Construction,2003
772,2003-04-01,4,9.3,Construction,2003
715,2003-05-01,5,8.4,Construction,2003
710,2003-06-01,6,7.9,Construction,2003
677,2003-07-01,7,7.5,Construction,2003
650,2003-08-01,8,7.1,Construction,2003
681,2003-09-01,9,7.6,Construction,2003
651,2003-10-01,10,7.4,Construction,2003
690,2003-11-01,11,7.8,Construction,2003
813,2003-12-01,12,9.3,Construction,2003
994,2004-01-01,1,11.3,Construction,2004
1039,2004-02-01,2,11.6,Construction,2004
1011,2004-03-01,3,11.3,Construction,2004
849,2004-04-01,4,9.5,Construction,2004
665,2004-05-01,5,7.4,Construction,2004
668,2004-06-01,6,7.0,Construction,2004
610,2004-07-01,7,6.4,Construction,2004
563,2004-08-01,8,6.0,Construction,2004
629,2004-09-01,9,6.8,Construction,2004
635,2004-10-01,10,6.9,Construction,2004
695,2004-11-01,11,7.4,Construction,2004
870,2004-12-01,12,9.5,Construction,2004
1079,2005-01-01,1,11.8,Construction,2005
1150,2005-02-01,2,12.3,Construction,2005
961,2005-03-01,3,10.3,Construction,2005
693,2005-04-01,4,7.4,Construction,2005
567,2005-05-01,5,6.1,Construction,2005
559,2005-06-01,6,5.7,Construction,2005
509,2005-07-01,7,5.2,Construction,2005
561,2005-08-01,8,5.7,Construction,2005
572,2005-09-01,9,5.7,Construction,2005
519,2005-10-01,10,5.3,Construction,2005
564,2005-11-01,11,5.7,Construction,2005
813,2005-12-01,12,8.2,Construction,2005
868,2006-01-01,1,9.0,Construction,2006
836,2006-02-01,2,8.6,Construction,2006
820,2006-03-01,3,8.5,Construction,2006
674,2006-04-01,4,6.9,Construction,2006
647,2006-05-01,5,6.6,Construction,2006
569,2006-06-01,6,5.6,Construction,2006
633,2006-07-01,7,6.1,Construction,2006
618,2006-08-01,8,5.9,Construction,2006
586,2006-09-01,9,5.6,Construction,2006
456,2006-10-01,10,4.5,Construction,2006
618,2006-11-01,11,6.0,Construction,2006
725,2006-12-01,12,6.9,Construction,2006
922,2007-01-01,1,8.9,Construction,2007
1086,2007-02-01,2,10.5,Construction,2007
924,2007-03-01,3,9.0,Construction,2007
853,2007-04-01,4,8.6,Construction,2007
676,2007-05-01,5,6.9,Construction,2007
600,2007-06-01,6,5.9,Construction,2007
617,2007-07-01,7,5.9,Construction,2007
558,2007-08-01,8,5.3,Construction,2007
596,2007-09-01,9,5.8,Construction,2007
641,2007-10-01,10,6.1,Construction,2007
645,2007-11-01,11,6.2,Construction,2007
968,2007-12-01,12,9.4,Construction,2007
1099,2008-01-01,1,11.0,Construction,2008
1118,2008-02-01,2,11.4,Construction,2008
1170,2008-03-01,3,12.0,Construction,2008
1057,2008-04-01,4,11.1,Construction,2008
809,2008-05-01,5,8.6,Construction,2008
785,2008-06-01,6,8.2,Construction,2008
783,2008-07-01,7,8.0,Construction,2008
814,2008-08-01,8,8.2,Construction,2008
970,2008-09-01,9,9.9,Construction,2008
1078,2008-10-01,10,10.8,Construction,2008
1237,2008-11-01,11,12.7,Construction,2008
1438,2008-12-01,12,15.3,Construction,2008
1744,2009-01-01,1,18.2,Construction,2009
2025,2009-02-01,2,21.4,Construction,2009
1979,2009-03-01,3,21.1,Construction,2009
1737,2009-04-01,4,18.7,Construction,2009
1768,2009-05-01,5,19.2,Construction,2009
1601,2009-06-01,6,17.4,Construction,2009
1687,2009-07-01,7,18.2,Construction,2009
1542,2009-08-01,8,16.5,Construction,2009
1594,2009-09-01,9,17.1,Construction,2009
1744,2009-10-01,10,18.7,Construction,2009
1780,2009-11-01,11,19.4,Construction,2009
2044,2009-12-01,12,22.7,Construction,2009
2194,2010-01-01,1,24.7,Construction,2010
2440,2010-02-01,2,27.1,Construction,2010
734,2000-01-01,1,3.6,Manufacturing,2000
694,2000-02-01,2,3.4,Manufacturing,2000
739,2000-03-01,3,3.6,Manufacturing,2000
736,2000-04-01,4,3.7,Manufacturing,2000
685,2000-05-01,5,3.4,Manufacturing,2000
621,2000-06-01,6,3.1,Manufacturing,2000
708,2000-07-01,7,3.6,Manufacturing,2000
685,2000-08-01,8,3.4,Manufacturing,2000
667,2000-09-01,9,3.4,Manufacturing,2000
693,2000-10-01,10,3.6,Manufacturing,2000
672,2000-11-01,11,3.4,Manufacturing,2000
653,2000-12-01,12,3.3,Manufacturing,2000
911,2001-01-01,1,4.6,Manufacturing,2001
902,2001-02-01,2,4.6,Manufacturing,2001
954,2001-03-01,3,4.9,Manufacturing,2001
855,2001-04-01,4,4.4,Manufacturing,2001
903,2001-05-01,5,4.7,Manufacturing,2001
956,2001-06-01,6,5.0,Manufacturing,2001
1054,2001-07-01,7,5.6,Manufacturing,2001
1023,2001-08-01,8,5.5,Manufacturing,2001
996,2001-09-01,9,5.4,Manufacturing,2001
1065,2001-10-01,10,5.8,Manufacturing,2001
1108,2001-11-01,11,6.0,Manufacturing,2001
1172,2001-12-01,12,6.3,Manufacturing,2001
1377,2002-01-01,1,7.4,Manufacturing,2002
1296,2002-02-01,2,7.0,Manufacturing,2002
1367,2002-03-01,3,7.3,Manufacturing,2002
1322,2002-04-01,4,7.2,Manufacturing,2002
1194,2002-05-01,5,6.6,Manufacturing,2002
1187,2002-06-01,6,6.6,Manufacturing,2002
1185,2002-07-01,7,6.6,Manufacturing,2002
1108,2002-08-01,8,6.2,Manufacturing,2002
1076,2002-09-01,9,6.1,Manufacturing,2002
1046,2002-10-01,10,5.9,Manufacturing,2002
1115,2002-11-01,11,6.3,Manufacturing,2002
1188,2002-12-01,12,6.6,Manufacturing,2002
1302,2003-01-01,1,7.2,Manufacturing,2003
1229,2003-02-01,2,6.7,Manufacturing,2003
1222,2003-03-01,3,6.8,Manufacturing,2003
1199,2003-04-01,4,6.7,Manufacturing,2003
1150,2003-05-01,5,6.5,Manufacturing,2003
1232,2003-06-01,6,7.0,Manufacturing,2003
1193,2003-07-01,7,6.9,Manufacturing,2003
1186,2003-08-01,8,6.7,Manufacturing,2003
1175,2003-09-01,9,6.8,Manufacturing,2003
1041,2003-10-01,10,6.0,Manufacturing,2003
1034,2003-11-01,11,5.9,Manufacturing,2003
1025,2003-12-01,12,5.9,Manufacturing,2003
1110,2004-01-01,1,6.4,Manufacturing,2004
1094,2004-02-01,2,6.3,Manufacturing,2004
1083,2004-03-01,3,6.3,Manufacturing,2004
1004,2004-04-01,4,5.8,Manufacturing,2004
966,2004-05-01,5,5.6,Manufacturing,2004
957,2004-06-01,6,5.6,Manufacturing,2004
1019,2004-07-01,7,6.0,Manufacturing,2004
840,2004-08-01,8,4.9,Manufacturing,2004
852,2004-09-01,9,5.0,Manufacturing,2004
884,2004-10-01,10,5.3,Manufacturing,2004
905,2004-11-01,11,5.4,Manufacturing,2004
872,2004-12-01,12,5.1,Manufacturing,2004
889,2005-01-01,1,5.3,Manufacturing,2005
889,2005-02-01,2,5.3,Manufacturing,2005
879,2005-03-01,3,5.3,Manufacturing,2005
793,2005-04-01,4,4.8,Manufacturing,2005
743,2005-05-01,5,4.5,Manufacturing,2005
743,2005-06-01,6,4.4,Manufacturing,2005
883,2005-07-01,7,5.3,Manufacturing,2005
767,2005-08-01,8,4.7,Manufacturing,2005
775,2005-09-01,9,4.7,Manufacturing,2005
800,2005-10-01,10,4.8,Manufacturing,2005
823,2005-11-01,11,4.9,Manufacturing,2005
757,2005-12-01,12,4.5,Manufacturing,2005
778,2006-01-01,1,4.6,Manufacturing,2006
821,2006-02-01,2,4.9,Manufacturing,2006
701,2006-03-01,3,4.1,Manufacturing,2006
745,2006-04-01,4,4.5,Manufacturing,2006
680,2006-05-01,5,4.1,Manufacturing,2006
635,2006-06-01,6,3.8,Manufacturing,2006
736,2006-07-01,7,4.4,Manufacturing,2006
680,2006-08-01,8,4.1,Manufacturing,2006
632,2006-09-01,9,3.8,Manufacturing,2006
618,2006-10-01,10,3.7,Manufacturing,2006
702,2006-11-01,11,4.3,Manufacturing,2006
660,2006-12-01,12,4.0,Manufacturing,2006
752,2007-01-01,1,4.6,Manufacturing,2007
774,2007-02-01,2,4.7,Manufacturing,2007
742,2007-03-01,3,4.5,Manufacturing,2007
749,2007-04-01,4,4.6,Manufacturing,2007
651,2007-05-01,5,3.9,Manufacturing,2007
653,2007-06-01,6,4.0,Manufacturing,2007
621,2007-07-01,7,3.7,Manufacturing,2007
596,2007-08-01,8,3.6,Manufacturing,2007
673,2007-09-01,9,4.1,Manufacturing,2007
729,2007-10-01,10,4.3,Manufacturing,2007
762,2007-11-01,11,4.5,Manufacturing,2007
772,2007-12-01,12,4.6,Manufacturing,2007
837,2008-01-01,1,5.1,Manufacturing,2008
820,2008-02-01,2,5.0,Manufacturing,2008
831,2008-03-01,3,5.0,Manufacturing,2008
796,2008-04-01,4,4.8,Manufacturing,2008
879,2008-05-01,5,5.3,Manufacturing,2008
862,2008-06-01,6,5.2,Manufacturing,2008
908,2008-07-01,7,5.5,Manufacturing,2008
960,2008-08-01,8,5.7,Manufacturing,2008
984,2008-09-01,9,6.0,Manufacturing,2008
1007,2008-10-01,10,6.2,Manufacturing,2008
1144,2008-11-01,11,7.0,Manufacturing,2008
1315,2008-12-01,12,8.3,Manufacturing,2008
1711,2009-01-01,1,10.9,Manufacturing,2009
1822,2009-02-01,2,11.5,Manufacturing,2009
1912,2009-03-01,3,12.2,Manufacturing,2009
1968,2009-04-01,4,12.4,Manufacturing,2009
2010,2009-05-01,5,12.6,Manufacturing,2009
2010,2009-06-01,6,12.6,Manufacturing,2009
1988,2009-07-01,7,12.4,Manufacturing,2009
1866,2009-08-01,8,11.8,Manufacturing,2009
1876,2009-09-01,9,11.9,Manufacturing,2009
1884,2009-10-01,10,12.2,Manufacturing,2009
1882,2009-11-01,11,12.5,Manufacturing,2009
1747,2009-12-01,12,11.9,Manufacturing,2009
1918,2010-01-01,1,13.0,Manufacturing,2010
1814,2010-02-01,2,12.1,Manufacturing,2010
1000,2000-01-01,1,5.0,Wholesale and Retail Trade,2000
1023,2000-02-01,2,5.2,Wholesale and Retail Trade,2000
983,2000-03-01,3,5.1,Wholesale and Retail Trade,2000
793,2000-04-01,4,4.1,Wholesale and Retail Trade,2000
821,2000-05-01,5,4.3,Wholesale and Retail Trade,2000
837,2000-06-01,6,4.4,Wholesale and Retail Trade,2000
792,2000-07-01,7,4.1,Wholesale and Retail Trade,2000
853,2000-08-01,8,4.3,Wholesale and Retail Trade,2000
791,2000-09-01,9,4.1,Wholesale and Retail Trade,2000
739,2000-10-01,10,3.7,Wholesale and Retail Trade,2000
701,2000-11-01,11,3.6,Wholesale and Retail Trade,2000
715,2000-12-01,12,3.7,Wholesale and Retail Trade,2000
908,2001-01-01,1,4.7,Wholesale and Retail Trade,2001
990,2001-02-01,2,5.2,Wholesale and Retail Trade,2001
1037,2001-03-01,3,5.4,Wholesale and Retail Trade,2001
820,2001-04-01,4,4.3,Wholesale and Retail Trade,2001
875,2001-05-01,5,4.5,Wholesale and Retail Trade,2001
955,2001-06-01,6,4.9,Wholesale and Retail Trade,2001
833,2001-07-01,7,4.3,Wholesale and Retail Trade,2001
928,2001-08-01,8,4.8,Wholesale and Retail Trade,2001
936,2001-09-01,9,4.8,Wholesale and Retail Trade,2001
941,2001-10-01,10,4.8,Wholesale and Retail Trade,2001
1046,2001-11-01,11,5.3,Wholesale and Retail Trade,2001
1074,2001-12-01,12,5.4,Wholesale and Retail Trade,2001
1212,2002-01-01,1,6.3,Wholesale and Retail Trade,2002
1264,2002-02-01,2,6.6,Wholesale and Retail Trade,2002
1269,2002-03-01,3,6.6,Wholesale and Retail Trade,2002
1222,2002-04-01,4,6.4,Wholesale and Retail Trade,2002
1138,2002-05-01,5,5.8,Wholesale and Retail Trade,2002
1240,2002-06-01,6,6.2,Wholesale and Retail Trade,2002
1132,2002-07-01,7,5.6,Wholesale and Retail Trade,2002
1170,2002-08-01,8,5.8,Wholesale and Retail Trade,2002
1171,2002-09-01,9,5.9,Wholesale and Retail Trade,2002
1212,2002-10-01,10,6.1,Wholesale and Retail Trade,2002
1242,2002-11-01,11,6.2,Wholesale and Retail Trade,2002
1150,2002-12-01,12,5.7,Wholesale and Retail Trade,2002
1342,2003-01-01,1,6.7,Wholesale and Retail Trade,2003
1238,2003-02-01,2,6.1,Wholesale and Retail Trade,2003
1179,2003-03-01,3,5.9,Wholesale and Retail Trade,2003
1201,2003-04-01,4,6.0,Wholesale and Retail Trade,2003
1247,2003-05-01,5,6.2,Wholesale and Retail Trade,2003
1434,2003-06-01,6,6.9,Wholesale and Retail Trade,2003
1387,2003-07-01,7,6.6,Wholesale and Retail Trade,2003
1161,2003-08-01,8,5.6,Wholesale and Retail Trade,2003
1229,2003-09-01,9,5.9,Wholesale and Retail Trade,2003
1189,2003-10-01,10,5.7,Wholesale and Retail Trade,2003
1156,2003-11-01,11,5.4,Wholesale and Retail Trade,2003
1081,2003-12-01,12,5.0,Wholesale and Retail Trade,2003
1389,2004-01-01,1,6.5,Wholesale and Retail Trade,2004
1369,2004-02-01,2,6.5,Wholesale and Retail Trade,2004
1386,2004-03-01,3,6.8,Wholesale and Retail Trade,2004
1248,2004-04-01,4,6.1,Wholesale and Retail Trade,2004
1183,2004-05-01,5,5.8,Wholesale and Retail Trade,2004
1182,2004-06-01,6,5.8,Wholesale and Retail Trade,2004
1163,2004-07-01,7,5.5,Wholesale and Retail Trade,2004
1079,2004-08-01,8,5.1,Wholesale and Retail Trade,2004
1127,2004-09-01,9,5.5,Wholesale and Retail Trade,2004
1138,2004-10-01,10,5.4,Wholesale and Retail Trade,2004
1045,2004-11-01,11,5.0,Wholesale and Retail Trade,2004
1058,2004-12-01,12,5.0,Wholesale and Retail Trade,2004
1302,2005-01-01,1,6.3,Wholesale and Retail Trade,2005
1301,2005-02-01,2,6.2,Wholesale and Retail Trade,2005
1173,2005-03-01,3,5.6,Wholesale and Retail Trade,2005
1131,2005-04-01,4,5.4,Wholesale and Retail Trade,2005
1145,2005-05-01,5,5.4,Wholesale and Retail Trade,2005
1197,2005-06-01,6,5.7,Wholesale and Retail Trade,2005
1194,2005-07-01,7,5.6,Wholesale and Retail Trade,2005
1130,2005-08-01,8,5.3,Wholesale and Retail Trade,2005
1038,2005-09-01,9,4.9,Wholesale and Retail Trade,2005
1050,2005-10-01,10,4.9,Wholesale and Retail Trade,2005
1013,2005-11-01,11,4.7,Wholesale and Retail Trade,2005
968,2005-12-01,12,4.5,Wholesale and Retail Trade,2005
1203,2006-01-01,1,5.7,Wholesale and Retail Trade,2006
1141,2006-02-01,2,5.4,Wholesale and Retail Trade,2006
1022,2006-03-01,3,4.9,Wholesale and Retail Trade,2006
972,2006-04-01,4,4.6,Wholesale and Retail Trade,2006
1025,2006-05-01,5,4.8,Wholesale and Retail Trade,2006
1085,2006-06-01,6,5.1,Wholesale and Retail Trade,2006
1083,2006-07-01,7,5.1,Wholesale and Retail Trade,2006
977,2006-08-01,8,4.7,Wholesale and Retail Trade,2006
1008,2006-09-01,9,4.9,Wholesale and Retail Trade,2006
972,2006-10-01,10,4.7,Wholesale and Retail Trade,2006
1018,2006-11-01,11,4.8,Wholesale and Retail Trade,2006
965,2006-12-01,12,4.5,Wholesale and Retail Trade,2006
1166,2007-01-01,1,5.5,Wholesale and Retail Trade,2007
1045,2007-02-01,2,5.1,Wholesale and Retail Trade,2007
896,2007-03-01,3,4.4,Wholesale and Retail Trade,2007
872,2007-04-01,4,4.2,Wholesale and Retail Trade,2007
795,2007-05-01,5,3.9,Wholesale and Retail Trade,2007
979,2007-06-01,6,4.6,Wholesale and Retail Trade,2007
1089,2007-07-01,7,5.2,Wholesale and Retail Trade,2007
1028,2007-08-01,8,5.1,Wholesale and Retail Trade,2007
1027,2007-09-01,9,5.1,Wholesale and Retail Trade,2007
907,2007-10-01,10,4.4,Wholesale and Retail Trade,2007
893,2007-11-01,11,4.3,Wholesale and Retail Trade,2007
1009,2007-12-01,12,4.8,Wholesale and Retail Trade,2007
1120,2008-01-01,1,5.4,Wholesale and Retail Trade,2008
1007,2008-02-01,2,4.9,Wholesale and Retail Trade,2008
992,2008-03-01,3,4.9,Wholesale and Retail Trade,2008
919,2008-04-01,4,4.5,Wholesale and Retail Trade,2008
1049,2008-05-01,5,5.2,Wholesale and Retail Trade,2008
1160,2008-06-01,6,5.7,Wholesale and Retail Trade,2008
1329,2008-07-01,7,6.5,Wholesale and Retail Trade,2008
1366,2008-08-01,8,6.6,Wholesale and Retail Trade,2008
1277,2008-09-01,9,6.2,Wholesale and Retail Trade,2008
1313,2008-10-01,10,6.3,Wholesale and Retail Trade,2008
1397,2008-11-01,11,6.7,Wholesale and Retail Trade,2008
1535,2008-12-01,12,7.2,Wholesale and Retail Trade,2008
1794,2009-01-01,1,8.7,Wholesale and Retail Trade,2009
1847,2009-02-01,2,8.9,Wholesale and Retail Trade,2009
1852,2009-03-01,3,9.0,Wholesale and Retail Trade,2009
1833,2009-04-01,4,9.0,Wholesale and Retail Trade,2009
1835,2009-05-01,5,9.0,Wholesale and Retail Trade,2009
1863,2009-06-01,6,9.1,Wholesale and Retail Trade,2009
1854,2009-07-01,7,9.0,Wholesale and Retail Trade,2009
1794,2009-08-01,8,8.8,Wholesale and Retail Trade,2009
1809,2009-09-01,9,9.0,Wholesale and Retail Trade,2009
1919,2009-10-01,10,9.6,Wholesale and Retail Trade,2009
1879,2009-11-01,11,9.2,Wholesale and Retail Trade,2009
1851,2009-12-01,12,9.1,Wholesale and Retail Trade,2009
2154,2010-01-01,1,10.5,Wholesale and Retail Trade,2010
2071,2010-02-01,2,10.0,Wholesale and Retail Trade,2010
236,2000-01-01,1,4.3,Transportation and Utilities,2000
223,2000-02-01,2,4.0,Transportation and Utilities,2000
192,2000-03-01,3,3.5,Transportation and Utilities,2000
191,2000-04-01,4,3.4,Transportation and Utilities,2000
190,2000-05-01,5,3.4,Transportation and Utilities,2000
183,2000-06-01,6,3.2,Transportation and Utilities,2000
228,2000-07-01,7,3.9,Transportation and Utilities,2000
198,2000-08-01,8,3.4,Transportation and Utilities,2000
231,2000-09-01,9,4.0,Transportation and Utilities,2000
153,2000-10-01,10,2.8,Transportation and Utilities,2000
129,2000-11-01,11,2.3,Transportation and Utilities,2000
168,2000-12-01,12,3.1,Transportation and Utilities,2000
194,2001-01-01,1,3.6,Transportation and Utilities,2001
189,2001-02-01,2,3.4,Transportation and Utilities,2001
193,2001-03-01,3,3.5,Transportation and Utilities,2001
232,2001-04-01,4,4.2,Transportation and Utilities,2001
178,2001-05-01,5,3.1,Transportation and Utilities,2001
242,2001-06-01,6,4.3,Transportation and Utilities,2001
236,2001-07-01,7,4.2,Transportation and Utilities,2001
226,2001-08-01,8,3.9,Transportation and Utilities,2001
214,2001-09-01,9,3.9,Transportation and Utilities,2001
321,2001-10-01,10,5.8,Transportation and Utilities,2001
302,2001-11-01,11,5.4,Transportation and Utilities,2001
310,2001-12-01,12,5.6,Transportation and Utilities,2001
368,2002-01-01,1,6.6,Transportation and Utilities,2002
331,2002-02-01,2,5.7,Transportation and Utilities,2002
313,2002-03-01,3,5.6,Transportation and Utilities,2002
280,2002-04-01,4,5.0,Transportation and Utilities,2002
257,2002-05-01,5,4.5,Transportation and Utilities,2002
274,2002-06-01,6,4.9,Transportation and Utilities,2002
270,2002-07-01,7,4.9,Transportation and Utilities,2002
221,2002-08-01,8,3.9,Transportation and Utilities,2002
235,2002-09-01,9,4.2,Transportation and Utilities,2002
262,2002-10-01,10,4.7,Transportation and Utilities,2002
233,2002-11-01,11,4.2,Transportation and Utilities,2002
243,2002-12-01,12,4.6,Transportation and Utilities,2002
331,2003-01-01,1,6.3,Transportation and Utilities,2003
316,2003-02-01,2,5.8,Transportation and Utilities,2003
319,2003-03-01,3,5.9,Transportation and Utilities,2003
274,2003-04-01,4,5.0,Transportation and Utilities,2003
260,2003-05-01,5,4.9,Transportation and Utilities,2003
300,2003-06-01,6,5.5,Transportation and Utilities,2003
289,2003-07-01,7,5.4,Transportation and Utilities,2003
255,2003-08-01,8,4.8,Transportation and Utilities,2003
255,2003-09-01,9,4.7,Transportation and Utilities,2003
260,2003-10-01,10,4.8,Transportation and Utilities,2003
275,2003-11-01,11,5.1,Transportation and Utilities,2003
267,2003-12-01,12,5.0,Transportation and Utilities,2003
243,2004-01-01,1,4.6,Transportation and Utilities,2004
291,2004-02-01,2,5.5,Transportation and Utilities,2004
284,2004-03-01,3,5.4,Transportation and Utilities,2004
239,2004-04-01,4,4.5,Transportation and Utilities,2004
230,2004-05-01,5,4.4,Transportation and Utilities,2004
227,2004-06-01,6,4.3,Transportation and Utilities,2004
231,2004-07-01,7,4.3,Transportation and Utilities,2004
236,2004-08-01,8,4.4,Transportation and Utilities,2004
208,2004-09-01,9,3.9,Transportation and Utilities,2004
219,2004-10-01,10,4.0,Transportation and Utilities,2004
217,2004-11-01,11,4.0,Transportation and Utilities,2004
204,2004-12-01,12,3.8,Transportation and Utilities,2004
276,2005-01-01,1,5.0,Transportation and Utilities,2005
245,2005-02-01,2,4.4,Transportation and Utilities,2005
267,2005-03-01,3,4.8,Transportation and Utilities,2005
257,2005-04-01,4,4.7,Transportation and Utilities,2005
223,2005-05-01,5,4.1,Transportation and Utilities,2005
247,2005-06-01,6,4.5,Transportation and Utilities,2005
222,2005-07-01,7,3.9,Transportation and Utilities,2005
187,2005-08-01,8,3.3,Transportation and Utilities,2005
211,2005-09-01,9,3.7,Transportation and Utilities,2005
251,2005-10-01,10,4.4,Transportation and Utilities,2005
199,2005-11-01,11,3.5,Transportation and Utilities,2005
202,2005-12-01,12,3.6,Transportation and Utilities,2005
287,2006-01-01,1,5.0,Transportation and Utilities,2006
260,2006-02-01,2,4.6,Transportation and Utilities,2006
263,2006-03-01,3,4.7,Transportation and Utilities,2006
272,2006-04-01,4,4.8,Transportation and Utilities,2006
226,2006-05-01,5,4.0,Transportation and Utilities,2006
225,2006-06-01,6,3.9,Transportation and Utilities,2006
237,2006-07-01,7,4.2,Transportation and Utilities,2006
217,2006-08-01,8,3.7,Transportation and Utilities,2006
183,2006-09-01,9,3.1,Transportation and Utilities,2006
206,2006-10-01,10,3.6,Transportation and Utilities,2006
183,2006-11-01,11,3.1,Transportation and Utilities,2006
190,2006-12-01,12,3.2,Transportation and Utilities,2006
248,2007-01-01,1,4.2,Transportation and Utilities,2007
251,2007-02-01,2,4.2,Transportation and Utilities,2007
249,2007-03-01,3,4.3,Transportation and Utilities,2007
188,2007-04-01,4,3.3,Transportation and Utilities,2007
216,2007-05-01,5,3.8,Transportation and Utilities,2007
242,2007-06-01,6,4.1,Transportation and Utilities,2007
309,2007-07-01,7,5.1,Transportation and Utilities,2007
205,2007-08-01,8,3.4,Transportation and Utilities,2007
224,2007-09-01,9,3.7,Transportation and Utilities,2007
218,2007-10-01,10,3.6,Transportation and Utilities,2007
242,2007-11-01,11,3.9,Transportation and Utilities,2007
210,2007-12-01,12,3.4,Transportation and Utilities,2007
271,2008-01-01,1,4.4,Transportation and Utilities,2008
289,2008-02-01,2,4.6,Transportation and Utilities,2008
267,2008-03-01,3,4.3,Transportation and Utilities,2008
245,2008-04-01,4,4.0,Transportation and Utilities,2008
269,2008-05-01,5,4.3,Transportation and Utilities,2008
329,2008-06-01,6,5.1,Transportation and Utilities,2008
359,2008-07-01,7,5.7,Transportation and Utilities,2008
309,2008-08-01,8,5.2,Transportation and Utilities,2008
337,2008-09-01,9,5.8,Transportation and Utilities,2008
316,2008-10-01,10,5.7,Transportation and Utilities,2008
331,2008-11-01,11,5.8,Transportation and Utilities,2008
421,2008-12-01,12,6.7,Transportation and Utilities,2008
522,2009-01-01,1,8.4,Transportation and Utilities,2009
563,2009-02-01,2,9.1,Transportation and Utilities,2009
558,2009-03-01,3,9.0,Transportation and Utilities,2009
541,2009-04-01,4,9.0,Transportation and Utilities,2009
506,2009-05-01,5,8.5,Transportation and Utilities,2009
499,2009-06-01,6,8.4,Transportation and Utilities,2009
511,2009-07-01,7,8.8,Transportation and Utilities,2009
547,2009-08-01,8,9.8,Transportation and Utilities,2009
538,2009-09-01,9,9.5,Transportation and Utilities,2009
480,2009-10-01,10,8.6,Transportation and Utilities,2009
493,2009-11-01,11,8.5,Transportation and Utilities,2009
539,2009-12-01,12,9.0,Transportation and Utilities,2009
657,2010-01-01,1,11.3,Transportation and Utilities,2010
591,2010-02-01,2,10.5,Transportation and Utilities,2010
125,2000-01-01,1,3.4,Information,2000
112,2000-02-01,2,2.9,Information,2000
140,2000-03-01,3,3.6,Information,2000
95,2000-04-01,4,2.4,Information,2000
131,2000-05-01,5,3.5,Information,2000
102,2000-06-01,6,2.6,Information,2000
144,2000-07-01,7,3.6,Information,2000
143,2000-08-01,8,3.7,Information,2000
130,2000-09-01,9,3.3,Information,2000
96,2000-10-01,10,2.4,Information,2000
117,2000-11-01,11,3.0,Information,2000
151,2000-12-01,12,4.0,Information,2000
161,2001-01-01,1,4.1,Information,2001
109,2001-02-01,2,2.9,Information,2001
148,2001-03-01,3,3.8,Information,2001
148,2001-04-01,4,3.7,Information,2001
164,2001-05-01,5,4.2,Information,2001
163,2001-06-01,6,4.1,Information,2001
206,2001-07-01,7,5.2,Information,2001
210,2001-08-01,8,5.4,Information,2001
219,2001-09-01,9,5.6,Information,2001
233,2001-10-01,10,6.0,Information,2001
241,2001-11-01,11,6.2,Information,2001
275,2001-12-01,12,7.4,Information,2001
263,2002-01-01,1,7.1,Information,2002
279,2002-02-01,2,7.6,Information,2002
266,2002-03-01,3,7.2,Information,2002
257,2002-04-01,4,6.9,Information,2002
260,2002-05-01,5,7.2,Information,2002
255,2002-06-01,6,6.9,Information,2002
264,2002-07-01,7,7.1,Information,2002
270,2002-08-01,8,7.1,Information,2002
231,2002-09-01,9,6.3,Information,2002
211,2002-10-01,10,6.0,Information,2002
220,2002-11-01,11,6.5,Information,2002
255,2002-12-01,12,7.2,Information,2002
243,2003-01-01,1,6.7,Information,2003
321,2003-02-01,2,8.6,Information,2003
267,2003-03-01,3,7.4,Information,2003
268,2003-04-01,4,7.3,Information,2003
251,2003-05-01,5,6.9,Information,2003
239,2003-06-01,6,6.4,Information,2003
224,2003-07-01,7,5.9,Information,2003
224,2003-08-01,8,6.1,Information,2003
248,2003-09-01,9,7.0,Information,2003
182,2003-10-01,10,5.4,Information,2003
257,2003-11-01,11,7.6,Information,2003
224,2003-12-01,12,6.5,Information,2003
236,2004-01-01,1,7.0,Information,2004
194,2004-02-01,2,5.8,Information,2004
216,2004-03-01,3,6.3,Information,2004
168,2004-04-01,4,5.0,Information,2004
190,2004-05-01,5,5.7,Information,2004
172,2004-06-01,6,5.0,Information,2004
174,2004-07-01,7,5.2,Information,2004
191,2004-08-01,8,5.7,Information,2004
178,2004-09-01,9,5.4,Information,2004
185,2004-10-01,10,5.6,Information,2004
187,2004-11-01,11,5.6,Information,2004
173,2004-12-01,12,5.7,Information,2004
168,2005-01-01,1,5.4,Information,2005
204,2005-02-01,2,6.5,Information,2005
177,2005-03-01,3,6.0,Information,2005
178,2005-04-01,4,5.9,Information,2005
145,2005-05-01,5,4.7,Information,2005
160,2005-06-01,6,5.0,Information,2005
142,2005-07-01,7,4.2,Information,2005
156,2005-08-01,8,4.6,Information,2005
168,2005-09-01,9,4.9,Information,2005
162,2005-10-01,10,4.8,Information,2005
172,2005-11-01,11,5.1,Information,2005
128,2005-12-01,12,3.7,Information,2005
105,2006-01-01,1,3.3,Information,2006
119,2006-02-01,2,3.7,Information,2006
116,2006-03-01,3,3.5,Information,2006
132,2006-04-01,4,4.2,Information,2006
158,2006-05-01,5,4.8,Information,2006
114,2006-06-01,6,3.4,Information,2006
103,2006-07-01,7,3.0,Information,2006
132,2006-08-01,8,3.9,Information,2006
170,2006-09-01,9,4.9,Information,2006
116,2006-10-01,10,3.4,Information,2006
137,2006-11-01,11,3.9,Information,2006
108,2006-12-01,12,2.9,Information,2006
143,2007-01-01,1,4.0,Information,2007
139,2007-02-01,2,4.0,Information,2007
109,2007-03-01,3,3.2,Information,2007
77,2007-04-01,4,2.4,Information,2007
110,2007-05-01,5,3.3,Information,2007
114,2007-06-01,6,3.4,Information,2007
112,2007-07-01,7,3.4,Information,2007
140,2007-08-01,8,4.1,Information,2007
124,2007-09-01,9,3.7,Information,2007
120,2007-10-01,10,3.7,Information,2007
132,2007-11-01,11,4.0,Information,2007
125,2007-12-01,12,3.7,Information,2007
169,2008-01-01,1,5.1,Information,2008
193,2008-02-01,2,5.8,Information,2008
155,2008-03-01,3,4.8,Information,2008
143,2008-04-01,4,4.4,Information,2008
170,2008-05-01,5,5.0,Information,2008
157,2008-06-01,6,4.7,Information,2008
141,2008-07-01,7,4.1,Information,2008
144,2008-08-01,8,4.2,Information,2008
166,2008-09-01,9,5.0,Information,2008
168,2008-10-01,10,5.0,Information,2008
173,2008-11-01,11,5.2,Information,2008
219,2008-12-01,12,6.9,Information,2008
232,2009-01-01,1,7.4,Information,2009
224,2009-02-01,2,7.1,Information,2009
252,2009-03-01,3,7.8,Information,2009
320,2009-04-01,4,10.1,Information,2009
303,2009-05-01,5,9.5,Information,2009
347,2009-06-01,6,11.1,Information,2009
373,2009-07-01,7,11.5,Information,2009
358,2009-08-01,8,10.7,Information,2009
362,2009-09-01,9,11.2,Information,2009
261,2009-10-01,10,8.2,Information,2009
243,2009-11-01,11,7.6,Information,2009
256,2009-12-01,12,8.5,Information,2009
313,2010-01-01,1,10.0,Information,2010
300,2010-02-01,2,10.0,Information,2010
228,2000-01-01,1,2.7,Finance,2000
240,2000-02-01,2,2.8,Finance,2000
226,2000-03-01,3,2.6,Finance,2000
197,2000-04-01,4,2.3,Finance,2000
195,2000-05-01,5,2.2,Finance,2000
216,2000-06-01,6,2.5,Finance,2000
190,2000-07-01,7,2.2,Finance,2000
213,2000-08-01,8,2.5,Finance,2000
187,2000-09-01,9,2.2,Finance,2000
224,2000-10-01,10,2.6,Finance,2000
184,2000-11-01,11,2.1,Finance,2000
200,2000-12-01,12,2.3,Finance,2000
232,2001-01-01,1,2.6,Finance,2001
235,2001-02-01,2,2.6,Finance,2001
211,2001-03-01,3,2.4,Finance,2001
232,2001-04-01,4,2.6,Finance,2001
191,2001-05-01,5,2.2,Finance,2001
249,2001-06-01,6,2.8,Finance,2001
289,2001-07-01,7,3.3,Finance,2001
256,2001-08-01,8,2.9,Finance,2001
268,2001-09-01,9,3.1,Finance,2001
281,2001-10-01,10,3.3,Finance,2001
320,2001-11-01,11,3.6,Finance,2001
258,2001-12-01,12,3.0,Finance,2001
267,2002-01-01,1,3.0,Finance,2002
318,2002-02-01,2,3.5,Finance,2002
287,2002-03-01,3,3.2,Finance,2002
292,2002-04-01,4,3.3,Finance,2002
340,2002-05-01,5,3.8,Finance,2002
373,2002-06-01,6,4.1,Finance,2002
345,2002-07-01,7,3.8,Finance,2002
343,2002-08-01,8,3.8,Finance,2002
299,2002-09-01,9,3.3,Finance,2002
312,2002-10-01,10,3.5,Finance,2002
337,2002-11-01,11,3.7,Finance,2002
322,2002-12-01,12,3.6,Finance,2002
327,2003-01-01,1,3.6,Finance,2003
310,2003-02-01,2,3.4,Finance,2003
357,2003-03-01,3,4.0,Finance,2003
323,2003-04-01,4,3.6,Finance,2003
320,2003-05-01,5,3.6,Finance,2003
358,2003-06-01,6,4.0,Finance,2003
284,2003-07-01,7,3.1,Finance,2003
342,2003-08-01,8,3.7,Finance,2003
305,2003-09-01,9,3.3,Finance,2003
303,2003-10-01,10,3.3,Finance,2003
311,2003-11-01,11,3.3,Finance,2003
283,2003-12-01,12,3.0,Finance,2003
403,2004-01-01,1,4.3,Finance,2004
363,2004-02-01,2,3.8,Finance,2004
343,2004-03-01,3,3.7,Finance,2004
312,2004-04-01,4,3.4,Finance,2004
302,2004-05-01,5,3.3,Finance,2004
335,2004-06-01,6,3.6,Finance,2004
307,2004-07-01,7,3.3,Finance,2004
312,2004-08-01,8,3.4,Finance,2004
374,2004-09-01,9,4.0,Finance,2004
358,2004-10-01,10,3.8,Finance,2004
290,2004-11-01,11,3.1,Finance,2004
290,2004-12-01,12,3.1,Finance,2004
252,2005-01-01,1,2.7,Finance,2005
301,2005-02-01,2,3.2,Finance,2005
261,2005-03-01,3,2.7,Finance,2005
255,2005-04-01,4,2.7,Finance,2005
288,2005-05-01,5,3.1,Finance,2005
307,2005-06-01,6,3.3,Finance,2005
309,2005-07-01,7,3.3,Finance,2005
300,2005-08-01,8,3.2,Finance,2005
260,2005-09-01,9,2.7,Finance,2005
255,2005-10-01,10,2.7,Finance,2005
268,2005-11-01,11,2.8,Finance,2005
204,2005-12-01,12,2.1,Finance,2005
233,2006-01-01,1,2.4,Finance,2006
268,2006-02-01,2,2.8,Finance,2006
298,2006-03-01,3,3.1,Finance,2006
293,2006-04-01,4,3.1,Finance,2006
289,2006-05-01,5,3.0,Finance,2006
299,2006-06-01,6,3.1,Finance,2006
329,2006-07-01,7,3.4,Finance,2006
263,2006-08-01,8,2.7,Finance,2006
235,2006-09-01,9,2.4,Finance,2006
211,2006-10-01,10,2.1,Finance,2006
229,2006-11-01,11,2.3,Finance,2006
227,2006-12-01,12,2.3,Finance,2006
233,2007-01-01,1,2.4,Finance,2007
295,2007-02-01,2,3.1,Finance,2007
252,2007-03-01,3,2.6,Finance,2007
231,2007-04-01,4,2.4,Finance,2007
281,2007-05-01,5,2.9,Finance,2007
303,2007-06-01,6,3.1,Finance,2007
307,2007-07-01,7,3.1,Finance,2007
371,2007-08-01,8,3.7,Finance,2007
316,2007-09-01,9,3.3,Finance,2007
307,2007-10-01,10,3.2,Finance,2007
261,2007-11-01,11,2.7,Finance,2007
315,2007-12-01,12,3.2,Finance,2007
285,2008-01-01,1,3.0,Finance,2008
323,2008-02-01,2,3.4,Finance,2008
323,2008-03-01,3,3.4,Finance,2008
324,2008-04-01,4,3.4,Finance,2008
361,2008-05-01,5,3.7,Finance,2008
337,2008-06-01,6,3.4,Finance,2008
350,2008-07-01,7,3.6,Finance,2008
409,2008-08-01,8,4.2,Finance,2008
380,2008-09-01,9,4.0,Finance,2008
434,2008-10-01,10,4.5,Finance,2008
494,2008-11-01,11,5.2,Finance,2008
540,2008-12-01,12,5.6,Finance,2008
571,2009-01-01,1,6.0,Finance,2009
637,2009-02-01,2,6.7,Finance,2009
639,2009-03-01,3,6.8,Finance,2009
561,2009-04-01,4,6.0,Finance,2009
536,2009-05-01,5,5.7,Finance,2009
513,2009-06-01,6,5.5,Finance,2009
570,2009-07-01,7,6.1,Finance,2009
566,2009-08-01,8,6.0,Finance,2009
657,2009-09-01,9,7.1,Finance,2009
646,2009-10-01,10,7.0,Finance,2009
619,2009-11-01,11,6.7,Finance,2009
665,2009-12-01,12,7.2,Finance,2009
623,2010-01-01,1,6.6,Finance,2010
708,2010-02-01,2,7.5,Finance,2010
655,2000-01-01,1,5.7,Business services,2000
587,2000-02-01,2,5.2,Business services,2000
623,2000-03-01,3,5.4,Business services,2000
517,2000-04-01,4,4.5,Business services,2000
561,2000-05-01,5,4.7,Business services,2000
545,2000-06-01,6,4.4,Business services,2000
636,2000-07-01,7,5.1,Business services,2000
584,2000-08-01,8,4.8,Business services,2000
559,2000-09-01,9,4.6,Business services,2000
504,2000-10-01,10,4.1,Business services,2000
547,2000-11-01,11,4.4,Business services,2000
564,2000-12-01,12,4.5,Business services,2000
734,2001-01-01,1,5.8,Business services,2001
724,2001-02-01,2,5.9,Business services,2001
652,2001-03-01,3,5.3,Business services,2001
655,2001-04-01,4,5.3,Business services,2001
652,2001-05-01,5,5.3,Business services,2001
694,2001-06-01,6,5.4,Business services,2001
731,2001-07-01,7,5.7,Business services,2001
790,2001-08-01,8,6.2,Business services,2001
810,2001-09-01,9,6.4,Business services,2001
910,2001-10-01,10,7.2,Business services,2001
946,2001-11-01,11,7.6,Business services,2001
921,2001-12-01,12,7.4,Business services,2001
1120,2002-01-01,1,8.9,Business services,2002
973,2002-02-01,2,7.7,Business services,2002
964,2002-03-01,3,7.5,Business services,2002
951,2002-04-01,4,7.3,Business services,2002
983,2002-05-01,5,7.7,Business services,2002
1079,2002-06-01,6,8.2,Business services,2002
1075,2002-07-01,7,8.2,Business services,2002
926,2002-08-01,8,7.2,Business services,2002
1007,2002-09-01,9,7.8,Business services,2002
962,2002-10-01,10,7.5,Business services,2002
1029,2002-11-01,11,8.2,Business services,2002
1038,2002-12-01,12,8.3,Business services,2002
1112,2003-01-01,1,8.9,Business services,2003
1140,2003-02-01,2,8.9,Business services,2003
1190,2003-03-01,3,9.1,Business services,2003
1076,2003-04-01,4,8.3,Business services,2003
1105,2003-05-01,5,8.4,Business services,2003
1092,2003-06-01,6,8.5,Business services,2003
1021,2003-07-01,7,8.2,Business services,2003
881,2003-08-01,8,7.2,Business services,2003
975,2003-09-01,9,8.0,Business services,2003
1014,2003-10-01,10,8.1,Business services,2003
948,2003-11-01,11,7.7,Business services,2003
948,2003-12-01,12,7.6,Business services,2003
1070,2004-01-01,1,8.7,Business services,2004
964,2004-02-01,2,7.7,Business services,2004
999,2004-03-01,3,7.9,Business services,2004
752,2004-04-01,4,6.0,Business services,2004
819,2004-05-01,5,6.5,Business services,2004
814,2004-06-01,6,6.5,Business services,2004
790,2004-07-01,7,6.2,Business services,2004
845,2004-08-01,8,6.7,Business services,2004
750,2004-09-01,9,5.9,Business services,2004
781,2004-10-01,10,6.2,Business services,2004
872,2004-11-01,11,6.8,Business services,2004
875,2004-12-01,12,6.9,Business services,2004
958,2005-01-01,1,7.6,Business services,2005
916,2005-02-01,2,7.2,Business services,2005
807,2005-03-01,3,6.5,Business services,2005
714,2005-04-01,4,5.7,Business services,2005
730,2005-05-01,5,5.9,Business services,2005
743,2005-06-01,6,5.8,Business services,2005
804,2005-07-01,7,6.3,Business services,2005
728,2005-08-01,8,5.7,Business services,2005
862,2005-09-01,9,6.7,Business services,2005
748,2005-10-01,10,5.8,Business services,2005
711,2005-11-01,11,5.5,Business services,2005
788,2005-12-01,12,6.1,Business services,2005
825,2006-01-01,1,6.5,Business services,2006
841,2006-02-01,2,6.5,Business services,2006
824,2006-03-01,3,6.3,Business services,2006
644,2006-04-01,4,4.9,Business services,2006
695,2006-05-01,5,5.3,Business services,2006
753,2006-06-01,6,5.7,Business services,2006
735,2006-07-01,7,5.5,Business services,2006
681,2006-08-01,8,5.1,Business services,2006
736,2006-09-01,9,5.6,Business services,2006
768,2006-10-01,10,5.6,Business services,2006
658,2006-11-01,11,4.9,Business services,2006
791,2006-12-01,12,5.9,Business services,2006
885,2007-01-01,1,6.5,Business services,2007
825,2007-02-01,2,6.0,Business services,2007
775,2007-03-01,3,5.7,Business services,2007
689,2007-04-01,4,5.0,Business services,2007
743,2007-05-01,5,5.4,Business services,2007
722,2007-06-01,6,5.2,Business services,2007
743,2007-07-01,7,5.2,Business services,2007
683,2007-08-01,8,4.9,Business services,2007
655,2007-09-01,9,4.7,Business services,2007
675,2007-10-01,10,4.8,Business services,2007
679,2007-11-01,11,4.8,Business services,2007
803,2007-12-01,12,5.7,Business services,2007
893,2008-01-01,1,6.4,Business services,2008
866,2008-02-01,2,6.2,Business services,2008
876,2008-03-01,3,6.2,Business services,2008
736,2008-04-01,4,5.3,Business services,2008
829,2008-05-01,5,5.9,Business services,2008
890,2008-06-01,6,6.2,Business services,2008
866,2008-07-01,7,6.1,Business services,2008
961,2008-08-01,8,6.9,Business services,2008
951,2008-09-01,9,6.9,Business services,2008
1052,2008-10-01,10,7.5,Business services,2008
992,2008-11-01,11,7.0,Business services,2008
1147,2008-12-01,12,8.1,Business services,2008
1445,2009-01-01,1,10.4,Business services,2009
1512,2009-02-01,2,10.8,Business services,2009
1597,2009-03-01,3,11.4,Business services,2009
1448,2009-04-01,4,10.4,Business services,2009
1514,2009-05-01,5,10.9,Business services,2009
1580,2009-06-01,6,11.3,Business services,2009
1531,2009-07-01,7,10.9,Business services,2009
1560,2009-08-01,8,11.0,Business services,2009
1596,2009-09-01,9,11.3,Business services,2009
1488,2009-10-01,10,10.3,Business services,2009
1514,2009-11-01,11,10.6,Business services,2009
1486,2009-12-01,12,10.3,Business services,2009
1614,2010-01-01,1,11.1,Business services,2010
1740,2010-02-01,2,12.0,Business services,2010
353,2000-01-01,1,2.3,Education and Health,2000
349,2000-02-01,2,2.2,Education and Health,2000
381,2000-03-01,3,2.5,Education and Health,2000
329,2000-04-01,4,2.1,Education and Health,2000
423,2000-05-01,5,2.7,Education and Health,2000
452,2000-06-01,6,2.9,Education and Health,2000
478,2000-07-01,7,3.1,Education and Health,2000
450,2000-08-01,8,2.9,Education and Health,2000
398,2000-09-01,9,2.6,Education and Health,2000
339,2000-10-01,10,2.1,Education and Health,2000
351,2000-11-01,11,2.2,Education and Health,2000
293,2000-12-01,12,1.8,Education and Health,2000
428,2001-01-01,1,2.6,Education and Health,2001
423,2001-02-01,2,2.6,Education and Health,2001
456,2001-03-01,3,2.8,Education and Health,2001
341,2001-04-01,4,2.1,Education and Health,2001
390,2001-05-01,5,2.4,Education and Health,2001
476,2001-06-01,6,3.0,Education and Health,2001
513,2001-07-01,7,3.1,Education and Health,2001
595,2001-08-01,8,3.7,Education and Health,2001
455,2001-09-01,9,2.8,Education and Health,2001
486,2001-10-01,10,2.9,Education and Health,2001
516,2001-11-01,11,3.1,Education and Health,2001
483,2001-12-01,12,2.9,Education and Health,2001
586,2002-01-01,1,3.5,Education and Health,2002
590,2002-02-01,2,3.5,Education and Health,2002
540,2002-03-01,3,3.2,Education and Health,2002
493,2002-04-01,4,2.9,Education and Health,2002
533,2002-05-01,5,3.2,Education and Health,2002
638,2002-06-01,6,3.9,Education and Health,2002
671,2002-07-01,7,4.0,Education and Health,2002
660,2002-08-01,8,3.9,Education and Health,2002
562,2002-09-01,9,3.2,Education and Health,2002
517,2002-10-01,10,3.0,Education and Health,2002
493,2002-11-01,11,2.8,Education and Health,2002
558,2002-12-01,12,3.2,Education and Health,2002
559,2003-01-01,1,3.2,Education and Health,2003
576,2003-02-01,2,3.2,Education and Health,2003
518,2003-03-01,3,2.9,Education and Health,2003
611,2003-04-01,4,3.4,Education and Health,2003
618,2003-05-01,5,3.5,Education and Health,2003
769,2003-06-01,6,4.4,Education and Health,2003
697,2003-07-01,7,4.0,Education and Health,2003
760,2003-08-01,8,4.3,Education and Health,2003
649,2003-09-01,9,3.7,Education and Health,2003
639,2003-10-01,10,3.6,Education and Health,2003
662,2003-11-01,11,3.8,Education and Health,2003
620,2003-12-01,12,3.5,Education and Health,2003
662,2004-01-01,1,3.7,Education and Health,2004
608,2004-02-01,2,3.4,Education and Health,2004
584,2004-03-01,3,3.2,Education and Health,2004
589,2004-04-01,4,3.3,Education and Health,2004
570,2004-05-01,5,3.2,Education and Health,2004
769,2004-06-01,6,4.2,Education and Health,2004
725,2004-07-01,7,4.0,Education and Health,2004
647,2004-08-01,8,3.7,Education and Health,2004
593,2004-09-01,9,3.3,Education and Health,2004
526,2004-10-01,10,2.9,Education and Health,2004
570,2004-11-01,11,3.2,Education and Health,2004
562,2004-12-01,12,3.1,Education and Health,2004
613,2005-01-01,1,3.4,Education and Health,2005
619,2005-02-01,2,3.4,Education and Health,2005
614,2005-03-01,3,3.4,Education and Health,2005
591,2005-04-01,4,3.3,Education and Health,2005
648,2005-05-01,5,3.6,Education and Health,2005
667,2005-06-01,6,3.6,Education and Health,2005
635,2005-07-01,7,3.5,Education and Health,2005
644,2005-08-01,8,3.5,Education and Health,2005
658,2005-09-01,9,3.5,Education and Health,2005
628,2005-10-01,10,3.4,Education and Health,2005
677,2005-11-01,11,3.6,Education and Health,2005
529,2005-12-01,12,2.8,Education and Health,2005
593,2006-01-01,1,3.2,Education and Health,2006
528,2006-02-01,2,2.8,Education and Health,2006
563,2006-03-01,3,3.0,Education and Health,2006
558,2006-04-01,4,3.0,Education and Health,2006
543,2006-05-01,5,2.9,Education and Health,2006
617,2006-06-01,6,3.3,Education and Health,2006
659,2006-07-01,7,3.5,Education and Health,2006
611,2006-08-01,8,3.2,Education and Health,2006
576,2006-09-01,9,3.0,Education and Health,2006
531,2006-10-01,10,2.8,Education and Health,2006
536,2006-11-01,11,2.8,Education and Health,2006
502,2006-12-01,12,2.6,Education and Health,2006
563,2007-01-01,1,2.9,Education and Health,2007
489,2007-02-01,2,2.5,Education and Health,2007
495,2007-03-01,3,2.5,Education and Health,2007
555,2007-04-01,4,2.9,Education and Health,2007
622,2007-05-01,5,3.3,Education and Health,2007
653,2007-06-01,6,3.4,Education and Health,2007
665,2007-07-01,7,3.5,Education and Health,2007
648,2007-08-01,8,3.4,Education and Health,2007
630,2007-09-01,9,3.2,Education and Health,2007
534,2007-10-01,10,2.7,Education and Health,2007
526,2007-11-01,11,2.7,Education and Health,2007
521,2007-12-01,12,2.6,Education and Health,2007
576,2008-01-01,1,2.9,Education and Health,2008
562,2008-02-01,2,2.9,Education and Health,2008
609,2008-03-01,3,3.1,Education and Health,2008
551,2008-04-01,4,2.8,Education and Health,2008
619,2008-05-01,5,3.2,Education and Health,2008
669,2008-06-01,6,3.4,Education and Health,2008
776,2008-07-01,7,3.9,Education and Health,2008
844,2008-08-01,8,4.3,Education and Health,2008
835,2008-09-01,9,4.1,Education and Health,2008
797,2008-10-01,10,3.9,Education and Health,2008
748,2008-11-01,11,3.6,Education and Health,2008
791,2008-12-01,12,3.8,Education and Health,2008
792,2009-01-01,1,3.8,Education and Health,2009
847,2009-02-01,2,4.1,Education and Health,2009
931,2009-03-01,3,4.5,Education and Health,2009
964,2009-04-01,4,4.6,Education and Health,2009
1005,2009-05-01,5,4.9,Education and Health,2009
1267,2009-06-01,6,6.1,Education and Health,2009
1269,2009-07-01,7,6.1,Education and Health,2009
1239,2009-08-01,8,6.0,Education and Health,2009
1257,2009-09-01,9,6.0,Education and Health,2009
1280,2009-10-01,10,6.0,Education and Health,2009
1168,2009-11-01,11,5.5,Education and Health,2009
1183,2009-12-01,12,5.6,Education and Health,2009
1175,2010-01-01,1,5.5,Education and Health,2010
1200,2010-02-01,2,5.6,Education and Health,2010
782,2000-01-01,1,7.5,Leisure and hospitality,2000
779,2000-02-01,2,7.5,Leisure and hospitality,2000
789,2000-03-01,3,7.4,Leisure and hospitality,2000
658,2000-04-01,4,6.1,Leisure and hospitality,2000
675,2000-05-01,5,6.2,Leisure and hospitality,2000
833,2000-06-01,6,7.3,Leisure and hospitality,2000
786,2000-07-01,7,6.8,Leisure and hospitality,2000
675,2000-08-01,8,6.0,Leisure and hospitality,2000
636,2000-09-01,9,5.9,Leisure and hospitality,2000
691,2000-10-01,10,6.5,Leisure and hospitality,2000
694,2000-11-01,11,6.5,Leisure and hospitality,2000
639,2000-12-01,12,5.9,Leisure and hospitality,2000
806,2001-01-01,1,7.7,Leisure and hospitality,2001
821,2001-02-01,2,7.5,Leisure and hospitality,2001
817,2001-03-01,3,7.4,Leisure and hospitality,2001
744,2001-04-01,4,6.8,Leisure and hospitality,2001
731,2001-05-01,5,6.7,Leisure and hospitality,2001
821,2001-06-01,6,7.0,Leisure and hospitality,2001
813,2001-07-01,7,6.8,Leisure and hospitality,2001
767,2001-08-01,8,6.8,Leisure and hospitality,2001
900,2001-09-01,9,8.0,Leisure and hospitality,2001
903,2001-10-01,10,8.3,Leisure and hospitality,2001
935,2001-11-01,11,8.5,Leisure and hospitality,2001
938,2001-12-01,12,8.5,Leisure and hospitality,2001
947,2002-01-01,1,8.6,Leisure and hospitality,2002
973,2002-02-01,2,8.7,Leisure and hospitality,2002
976,2002-03-01,3,8.5,Leisure and hospitality,2002
953,2002-04-01,4,8.4,Leisure and hospitality,2002
1022,2002-05-01,5,8.6,Leisure and hospitality,2002
1034,2002-06-01,6,8.5,Leisure and hospitality,2002
999,2002-07-01,7,8.2,Leisure and hospitality,2002
884,2002-08-01,8,7.5,Leisure and hospitality,2002
885,2002-09-01,9,7.9,Leisure and hospitality,2002
956,2002-10-01,10,8.5,Leisure and hospitality,2002
978,2002-11-01,11,8.9,Leisure and hospitality,2002
922,2002-12-01,12,8.2,Leisure and hospitality,2002
1049,2003-01-01,1,9.3,Leisure and hospitality,2003
1145,2003-02-01,2,10.0,Leisure and hospitality,2003
1035,2003-03-01,3,8.9,Leisure and hospitality,2003
986,2003-04-01,4,8.5,Leisure and hospitality,2003
955,2003-05-01,5,7.9,Leisure and hospitality,2003
1048,2003-06-01,6,8.6,Leisure and hospitality,2003
1020,2003-07-01,7,8.4,Leisure and hospitality,2003
1050,2003-08-01,8,9.0,Leisure and hospitality,2003
978,2003-09-01,9,8.8,Leisure and hospitality,2003
933,2003-10-01,10,8.3,Leisure and hospitality,2003
990,2003-11-01,11,9.0,Leisure and hospitality,2003
885,2003-12-01,12,8.2,Leisure and hospitality,2003
1097,2004-01-01,1,10.0,Leisure and hospitality,2004
987,2004-02-01,2,8.9,Leisure and hospitality,2004
1039,2004-03-01,3,9.0,Leisure and hospitality,2004
925,2004-04-01,4,7.9,Leisure and hospitality,2004
977,2004-05-01,5,8.1,Leisure and hospitality,2004
1189,2004-06-01,6,9.6,Leisure and hospitality,2004
965,2004-07-01,7,7.8,Leisure and hospitality,2004
1010,2004-08-01,8,8.4,Leisure and hospitality,2004
854,2004-09-01,9,7.5,Leisure and hospitality,2004
853,2004-10-01,10,7.3,Leisure and hospitality,2004
916,2004-11-01,11,7.9,Leisure and hospitality,2004
850,2004-12-01,12,7.4,Leisure and hospitality,2004
993,2005-01-01,1,8.7,Leisure and hospitality,2005
1008,2005-02-01,2,8.8,Leisure and hospitality,2005
967,2005-03-01,3,8.3,Leisure and hospitality,2005
882,2005-04-01,4,7.7,Leisure and hospitality,2005
944,2005-05-01,5,7.7,Leisure and hospitality,2005
950,2005-06-01,6,7.6,Leisure and hospitality,2005
929,2005-07-01,7,7.4,Leisure and hospitality,2005
844,2005-08-01,8,6.8,Leisure and hospitality,2005
842,2005-09-01,9,7.3,Leisure and hospitality,2005
796,2005-10-01,10,6.8,Leisure and hospitality,2005
966,2005-11-01,11,8.1,Leisure and hospitality,2005
930,2005-12-01,12,7.9,Leisure and hospitality,2005
910,2006-01-01,1,8.1,Leisure and hospitality,2006
1040,2006-02-01,2,9.1,Leisure and hospitality,2006
917,2006-03-01,3,8.0,Leisure and hospitality,2006
882,2006-04-01,4,7.6,Leisure and hospitality,2006
830,2006-05-01,5,7.0,Leisure and hospitality,2006
942,2006-06-01,6,7.4,Leisure and hospitality,2006
867,2006-07-01,7,6.8,Leisure and hospitality,2006
855,2006-08-01,8,6.9,Leisure and hospitality,2006
810,2006-09-01,9,6.9,Leisure and hospitality,2006
795,2006-10-01,10,6.6,Leisure and hospitality,2006
836,2006-11-01,11,7.1,Leisure and hospitality,2006
701,2006-12-01,12,5.9,Leisure and hospitality,2006
911,2007-01-01,1,7.8,Leisure and hospitality,2007
879,2007-02-01,2,7.4,Leisure and hospitality,2007
845,2007-03-01,3,7.0,Leisure and hospitality,2007
822,2007-04-01,4,6.9,Leisure and hospitality,2007
831,2007-05-01,5,6.8,Leisure and hospitality,2007
917,2007-06-01,6,7.2,Leisure and hospitality,2007
920,2007-07-01,7,7.3,Leisure and hospitality,2007
877,2007-08-01,8,7.1,Leisure and hospitality,2007
892,2007-09-01,9,7.4,Leisure and hospitality,2007
911,2007-10-01,10,7.5,Leisure and hospitality,2007
986,2007-11-01,11,8.1,Leisure and hospitality,2007
961,2007-12-01,12,7.9,Leisure and hospitality,2007
1176,2008-01-01,1,9.4,Leisure and hospitality,2008
1056,2008-02-01,2,8.5,Leisure and hospitality,2008
944,2008-03-01,3,7.6,Leisure and hospitality,2008
874,2008-04-01,4,6.9,Leisure and hospitality,2008
1074,2008-05-01,5,8.4,Leisure and hospitality,2008
1154,2008-06-01,6,8.9,Leisure and hospitality,2008
1172,2008-07-01,7,8.8,Leisure and hospitality,2008
1122,2008-08-01,8,8.7,Leisure and hospitality,2008
1029,2008-09-01,9,8.2,Leisure and hospitality,2008
1126,2008-10-01,10,8.9,Leisure and hospitality,2008
1283,2008-11-01,11,9.9,Leisure and hospitality,2008
1210,2008-12-01,12,9.5,Leisure and hospitality,2008
1487,2009-01-01,1,11.5,Leisure and hospitality,2009
1477,2009-02-01,2,11.4,Leisure and hospitality,2009
1484,2009-03-01,3,11.6,Leisure and hospitality,2009
1322,2009-04-01,4,10.2,Leisure and hospitality,2009
1599,2009-05-01,5,11.9,Leisure and hospitality,2009
1688,2009-06-01,6,12.1,Leisure and hospitality,2009
1600,2009-07-01,7,11.2,Leisure and hospitality,2009
1636,2009-08-01,8,12.0,Leisure and hospitality,2009
1469,2009-09-01,9,11.4,Leisure and hospitality,2009
1604,2009-10-01,10,12.4,Leisure and hospitality,2009
1524,2009-11-01,11,11.9,Leisure and hospitality,2009
1624,2009-12-01,12,12.6,Leisure and hospitality,2009
1804,2010-01-01,1,14.2,Leisure and hospitality,2010
1597,2010-02-01,2,12.7,Leisure and hospitality,2010
274,2000-01-01,1,4.9,Other,2000
232,2000-02-01,2,4.1,Other,2000
247,2000-03-01,3,4.3,Other,2000
240,2000-04-01,4,4.2,Other,2000
254,2000-05-01,5,4.5,Other,2000
225,2000-06-01,6,3.9,Other,2000
202,2000-07-01,7,3.7,Other,2000
187,2000-08-01,8,3.5,Other,2000
220,2000-09-01,9,4.0,Other,2000
161,2000-10-01,10,2.9,Other,2000
217,2000-11-01,11,3.8,Other,2000
167,2000-12-01,12,2.9,Other,2000
197,2001-01-01,1,3.4,Other,2001
243,2001-02-01,2,4.2,Other,2001
200,2001-03-01,3,3.4,Other,2001
220,2001-04-01,4,3.8,Other,2001
172,2001-05-01,5,3.2,Other,2001
246,2001-06-01,6,4.6,Other,2001
228,2001-07-01,7,4.1,Other,2001
241,2001-08-01,8,4.5,Other,2001
225,2001-09-01,9,4.0,Other,2001
239,2001-10-01,10,4.1,Other,2001
256,2001-11-01,11,4.2,Other,2001
277,2001-12-01,12,4.5,Other,2001
304,2002-01-01,1,5.1,Other,2002
339,2002-02-01,2,5.6,Other,2002
314,2002-03-01,3,5.5,Other,2002
268,2002-04-01,4,4.6,Other,2002
264,2002-05-01,5,4.6,Other,2002
335,2002-06-01,6,5.5,Other,2002
356,2002-07-01,7,5.8,Other,2002
353,2002-08-01,8,6.0,Other,2002
281,2002-09-01,9,4.8,Other,2002
272,2002-10-01,10,4.6,Other,2002
284,2002-11-01,11,4.9,Other,2002
241,2002-12-01,12,4.2,Other,2002
304,2003-01-01,1,5.3,Other,2003
331,2003-02-01,2,5.7,Other,2003
370,2003-03-01,3,6.1,Other,2003
331,2003-04-01,4,5.5,Other,2003
339,2003-05-01,5,5.7,Other,2003
359,2003-06-01,6,5.9,Other,2003
405,2003-07-01,7,6.6,Other,2003
373,2003-08-01,8,6.1,Other,2003
338,2003-09-01,9,5.5,Other,2003
378,2003-10-01,10,6.1,Other,2003
357,2003-11-01,11,5.8,Other,2003
278,2003-12-01,12,4.5,Other,2003
322,2004-01-01,1,5.3,Other,2004
366,2004-02-01,2,5.9,Other,2004
366,2004-03-01,3,5.9,Other,2004
347,2004-04-01,4,5.6,Other,2004
310,2004-05-01,5,5.1,Other,2004
326,2004-06-01,6,5.4,Other,2004
346,2004-07-01,7,5.6,Other,2004
341,2004-08-01,8,5.6,Other,2004
301,2004-09-01,9,4.9,Other,2004
300,2004-10-01,10,4.8,Other,2004
294,2004-11-01,11,4.8,Other,2004
276,2004-12-01,12,4.3,Other,2004
290,2005-01-01,1,4.7,Other,2005
325,2005-02-01,2,5.3,Other,2005
308,2005-03-01,3,5.0,Other,2005
306,2005-04-01,4,4.9,Other,2005
314,2005-05-01,5,5.0,Other,2005
291,2005-06-01,6,4.6,Other,2005
274,2005-07-01,7,4.2,Other,2005
306,2005-08-01,8,4.8,Other,2005
307,2005-09-01,9,4.9,Other,2005
319,2005-10-01,10,5.0,Other,2005
300,2005-11-01,11,4.9,Other,2005
269,2005-12-01,12,4.3,Other,2005
308,2006-01-01,1,4.9,Other,2006
281,2006-02-01,2,4.4,Other,2006
292,2006-03-01,3,4.6,Other,2006
266,2006-04-01,4,4.1,Other,2006
265,2006-05-01,5,4.2,Other,2006
265,2006-06-01,6,4.3,Other,2006
305,2006-07-01,7,4.7,Other,2006
341,2006-08-01,8,5.3,Other,2006
310,2006-09-01,9,5.0,Other,2006
268,2006-10-01,10,4.4,Other,2006
306,2006-11-01,11,5.0,Other,2006
306,2006-12-01,12,5.2,Other,2006
275,2007-01-01,1,4.7,Other,2007
257,2007-02-01,2,4.3,Other,2007
222,2007-03-01,3,3.7,Other,2007
224,2007-04-01,4,3.6,Other,2007
242,2007-05-01,5,3.9,Other,2007
256,2007-06-01,6,4.0,Other,2007
243,2007-07-01,7,3.8,Other,2007
239,2007-08-01,8,3.8,Other,2007
257,2007-09-01,9,4.2,Other,2007
182,2007-10-01,10,3.0,Other,2007
255,2007-11-01,11,4.1,Other,2007
235,2007-12-01,12,3.9,Other,2007
264,2008-01-01,1,4.4,Other,2008
313,2008-02-01,2,5.1,Other,2008
283,2008-03-01,3,4.6,Other,2008
251,2008-04-01,4,4.0,Other,2008
275,2008-05-01,5,4.4,Other,2008
322,2008-06-01,6,5.0,Other,2008
352,2008-07-01,7,5.2,Other,2008
412,2008-08-01,8,6.3,Other,2008
374,2008-09-01,9,5.8,Other,2008
334,2008-10-01,10,5.3,Other,2008
434,2008-11-01,11,7.0,Other,2008
367,2008-12-01,12,6.1,Other,2008
431,2009-01-01,1,7.1,Other,2009
453,2009-02-01,2,7.3,Other,2009
377,2009-03-01,3,6.0,Other,2009
403,2009-04-01,4,6.4,Other,2009
476,2009-05-01,5,7.5,Other,2009
557,2009-06-01,6,8.4,Other,2009
490,2009-07-01,7,7.4,Other,2009
528,2009-08-01,8,8.2,Other,2009
462,2009-09-01,9,7.1,Other,2009
541,2009-10-01,10,8.5,Other,2009
491,2009-11-01,11,8.0,Other,2009
513,2009-12-01,12,8.2,Other,2009
609,2010-01-01,1,10.0,Other,2010
603,2010-02-01,2,9.9,Other,2010
154,2000-01-01,1,10.3,Agriculture,2000
173,2000-02-01,2,11.5,Agriculture,2000
152,2000-03-01,3,10.4,Agriculture,2000
135,2000-04-01,4,8.9,Agriculture,2000
73,2000-05-01,5,5.1,Agriculture,2000
109,2000-06-01,6,6.7,Agriculture,2000
77,2000-07-01,7,5.0,Agriculture,2000
110,2000-08-01,8,7.0,Agriculture,2000
124,2000-09-01,9,8.2,Agriculture,2000
113,2000-10-01,10,8.0,Agriculture,2000
192,2000-11-01,11,13.3,Agriculture,2000
196,2000-12-01,12,13.9,Agriculture,2000
188,2001-01-01,1,13.8,Agriculture,2001
193,2001-02-01,2,15.1,Agriculture,2001
267,2001-03-01,3,19.2,Agriculture,2001
140,2001-04-01,4,10.4,Agriculture,2001
109,2001-05-01,5,7.7,Agriculture,2001
130,2001-06-01,6,9.7,Agriculture,2001
113,2001-07-01,7,7.6,Agriculture,2001
141,2001-08-01,8,9.3,Agriculture,2001
101,2001-09-01,9,7.2,Agriculture,2001
118,2001-10-01,10,8.7,Agriculture,2001
145,2001-11-01,11,11.6,Agriculture,2001
192,2001-12-01,12,15.1,Agriculture,2001
195,2002-01-01,1,14.8,Agriculture,2002
187,2002-02-01,2,14.8,Agriculture,2002
269,2002-03-01,3,19.6,Agriculture,2002
151,2002-04-01,4,10.8,Agriculture,2002
89,2002-05-01,5,6.8,Agriculture,2002
89,2002-06-01,6,6.3,Agriculture,2002
114,2002-07-01,7,7.3,Agriculture,2002
125,2002-08-01,8,9.0,Agriculture,2002
92,2002-09-01,9,6.3,Agriculture,2002
97,2002-10-01,10,6.6,Agriculture,2002
137,2002-11-01,11,11.1,Agriculture,2002
120,2002-12-01,12,9.8,Agriculture,2002
159,2003-01-01,1,13.2,Agriculture,2003
172,2003-02-01,2,14.7,Agriculture,2003
161,2003-03-01,3,12.9,Agriculture,2003
154,2003-04-01,4,12.0,Agriculture,2003
133,2003-05-01,5,10.2,Agriculture,2003
94,2003-06-01,6,6.9,Agriculture,2003
113,2003-07-01,7,8.2,Agriculture,2003
173,2003-08-01,8,10.7,Agriculture,2003
98,2003-09-01,9,6.2,Agriculture,2003
136,2003-10-01,10,8.5,Agriculture,2003
148,2003-11-01,11,10.3,Agriculture,2003
137,2003-12-01,12,10.9,Agriculture,2003
184,2004-01-01,1,15.1,Agriculture,2004
168,2004-02-01,2,14.2,Agriculture,2004
153,2004-03-01,3,12.7,Agriculture,2004
107,2004-04-01,4,8.3,Agriculture,2004
99,2004-05-01,5,7.4,Agriculture,2004
106,2004-06-01,6,7.6,Agriculture,2004
140,2004-07-01,7,10.0,Agriculture,2004
103,2004-08-01,8,7.0,Agriculture,2004
88,2004-09-01,9,6.4,Agriculture,2004
102,2004-10-01,10,7.7,Agriculture,2004
131,2004-11-01,11,10.5,Agriculture,2004
165,2004-12-01,12,14.0,Agriculture,2004
153,2005-01-01,1,13.2,Agriculture,2005
107,2005-02-01,2,9.9,Agriculture,2005
139,2005-03-01,3,11.8,Agriculture,2005
84,2005-04-01,4,6.9,Agriculture,2005
66,2005-05-01,5,5.3,Agriculture,2005
76,2005-06-01,6,5.2,Agriculture,2005
69,2005-07-01,7,4.7,Agriculture,2005
100,2005-08-01,8,7.1,Agriculture,2005
127,2005-09-01,9,9.5,Agriculture,2005
85,2005-10-01,10,6.7,Agriculture,2005
118,2005-11-01,11,9.6,Agriculture,2005
127,2005-12-01,12,11.1,Agriculture,2005
140,2006-01-01,1,11.5,Agriculture,2006
139,2006-02-01,2,11.8,Agriculture,2006
117,2006-03-01,3,9.8,Agriculture,2006
81,2006-04-01,4,6.2,Agriculture,2006
79,2006-05-01,5,6.0,Agriculture,2006
35,2006-06-01,6,2.4,Agriculture,2006
55,2006-07-01,7,3.6,Agriculture,2006
76,2006-08-01,8,5.3,Agriculture,2006
78,2006-09-01,9,5.9,Agriculture,2006
77,2006-10-01,10,5.8,Agriculture,2006
125,2006-11-01,11,9.6,Agriculture,2006
139,2006-12-01,12,10.4,Agriculture,2006
128,2007-01-01,1,10.0,Agriculture,2007
127,2007-02-01,2,9.6,Agriculture,2007
123,2007-03-01,3,9.7,Agriculture,2007
67,2007-04-01,4,5.7,Agriculture,2007
64,2007-05-01,5,5.1,Agriculture,2007
59,2007-06-01,6,4.5,Agriculture,2007
40,2007-07-01,7,3.1,Agriculture,2007
54,2007-08-01,8,4.7,Agriculture,2007
53,2007-09-01,9,4.3,Agriculture,2007
47,2007-10-01,10,4.0,Agriculture,2007
80,2007-11-01,11,6.6,Agriculture,2007
96,2007-12-01,12,7.5,Agriculture,2007
113,2008-01-01,1,9.5,Agriculture,2008
135,2008-02-01,2,10.9,Agriculture,2008
175,2008-03-01,3,13.2,Agriculture,2008
108,2008-04-01,4,8.6,Agriculture,2008
94,2008-05-01,5,7.4,Agriculture,2008
86,2008-06-01,6,6.1,Agriculture,2008
125,2008-07-01,7,8.5,Agriculture,2008
111,2008-08-01,8,7.6,Agriculture,2008
84,2008-09-01,9,5.8,Agriculture,2008
97,2008-10-01,10,7.1,Agriculture,2008
119,2008-11-01,11,9.5,Agriculture,2008
229,2008-12-01,12,17.0,Agriculture,2008
245,2009-01-01,1,18.7,Agriculture,2009
251,2009-02-01,2,18.8,Agriculture,2009
241,2009-03-01,3,19.0,Agriculture,2009
176,2009-04-01,4,13.5,Agriculture,2009
136,2009-05-01,5,10.0,Agriculture,2009
182,2009-06-01,6,12.3,Agriculture,2009
180,2009-07-01,7,12.1,Agriculture,2009
195,2009-08-01,8,13.1,Agriculture,2009
150,2009-09-01,9,11.1,Agriculture,2009
166,2009-10-01,10,11.8,Agriculture,2009
180,2009-11-01,11,12.6,Agriculture,2009
292,2009-12-01,12,19.7,Agriculture,2009
318,2010-01-01,1,21.3,Agriculture,2010
285,2010-02-01,2,18.8,Agriculture,2010
239,2000-01-01,1,2.3,Self-employed,2000
262,2000-02-01,2,2.5,Self-employed,2000
213,2000-03-01,3,2.0,Self-employed,2000
218,2000-04-01,4,2.0,Self-employed,2000
206,2000-05-01,5,1.9,Self-employed,2000
188,2000-06-01,6,1.8,Self-employed,2000
222,2000-07-01,7,2.1,Self-employed,2000
186,2000-08-01,8,1.7,Self-employed,2000
213,2000-09-01,9,2.0,Self-employed,2000
226,2000-10-01,10,2.2,Self-employed,2000
273,2000-11-01,11,2.7,Self-employed,2000
178,2000-12-01,12,1.8,Self-employed,2000
194,2001-01-01,1,1.9,Self-employed,2001
209,2001-02-01,2,2.0,Self-employed,2001
181,2001-03-01,3,1.7,Self-employed,2001
216,2001-04-01,4,2.1,Self-employed,2001
206,2001-05-01,5,2.0,Self-employed,2001
187,2001-06-01,6,1.7,Self-employed,2001
191,2001-07-01,7,1.8,Self-employed,2001
243,2001-08-01,8,2.3,Self-employed,2001
256,2001-09-01,9,2.4,Self-employed,2001
247,2001-10-01,10,2.3,Self-employed,2001
234,2001-11-01,11,2.3,Self-employed,2001
249,2001-12-01,12,2.5,Self-employed,2001
263,2002-01-01,1,2.7,Self-employed,2002
250,2002-02-01,2,2.6,Self-employed,2002
217,2002-03-01,3,2.2,Self-employed,2002
255,2002-04-01,4,2.5,Self-employed,2002
264,2002-05-01,5,2.6,Self-employed,2002
246,2002-06-01,6,2.4,Self-employed,2002
249,2002-07-01,7,2.4,Self-employed,2002
271,2002-08-01,8,2.6,Self-employed,2002
266,2002-09-01,9,2.5,Self-employed,2002
275,2002-10-01,10,2.6,Self-employed,2002
297,2002-11-01,11,2.8,Self-employed,2002
327,2002-12-01,12,3.1,Self-employed,2002
324,2003-01-01,1,3.0,Self-employed,2003
304,2003-02-01,2,3.0,Self-employed,2003
279,2003-03-01,3,2.7,Self-employed,2003
248,2003-04-01,4,2.4,Self-employed,2003
271,2003-05-01,5,2.6,Self-employed,2003
295,2003-06-01,6,2.7,Self-employed,2003
270,2003-07-01,7,2.5,Self-employed,2003
302,2003-08-01,8,2.7,Self-employed,2003
287,2003-09-01,9,2.6,Self-employed,2003
338,2003-10-01,10,3.1,Self-employed,2003
308,2003-11-01,11,2.8,Self-employed,2003
299,2003-12-01,12,2.8,Self-employed,2003
302,2004-01-01,1,2.8,Self-employed,2004
260,2004-02-01,2,2.5,Self-employed,2004
260,2004-03-01,3,2.5,Self-employed,2004
242,2004-04-01,4,2.3,Self-employed,2004
287,2004-05-01,5,2.7,Self-employed,2004
306,2004-06-01,6,2.8,Self-employed,2004
291,2004-07-01,7,2.6,Self-employed,2004
324,2004-08-01,8,2.9,Self-employed,2004
362,2004-09-01,9,3.3,Self-employed,2004
301,2004-10-01,10,2.7,Self-employed,2004
353,2004-11-01,11,3.2,Self-employed,2004
341,2004-12-01,12,3.2,Self-employed,2004
346,2005-01-01,1,3.2,Self-employed,2005
363,2005-02-01,2,3.4,Self-employed,2005
312,2005-03-01,3,2.9,Self-employed,2005
273,2005-04-01,4,2.4,Self-employed,2005
299,2005-05-01,5,2.7,Self-employed,2005
268,2005-06-01,6,2.4,Self-employed,2005
282,2005-07-01,7,2.5,Self-employed,2005
249,2005-08-01,8,2.3,Self-employed,2005
282,2005-09-01,9,2.6,Self-employed,2005
255,2005-10-01,10,2.3,Self-employed,2005
319,2005-11-01,11,3.0,Self-employed,2005
327,2005-12-01,12,3.1,Self-employed,2005
341,2006-01-01,1,3.2,Self-employed,2006
332,2006-02-01,2,3.1,Self-employed,2006
300,2006-03-01,3,2.8,Self-employed,2006
334,2006-04-01,4,3.1,Self-employed,2006
251,2006-05-01,5,2.3,Self-employed,2006
245,2006-06-01,6,2.2,Self-employed,2006
291,2006-07-01,7,2.6,Self-employed,2006
306,2006-08-01,8,2.7,Self-employed,2006
299,2006-09-01,9,2.7,Self-employed,2006
275,2006-10-01,10,2.5,Self-employed,2006
257,2006-11-01,11,2.3,Self-employed,2006
287,2006-12-01,12,2.6,Self-employed,2006
376,2007-01-01,1,3.5,Self-employed,2007
300,2007-02-01,2,2.8,Self-employed,2007
311,2007-03-01,3,2.8,Self-employed,2007
240,2007-04-01,4,2.2,Self-employed,2007
276,2007-05-01,5,2.5,Self-employed,2007
258,2007-06-01,6,2.3,Self-employed,2007
324,2007-07-01,7,2.9,Self-employed,2007
315,2007-08-01,8,2.9,Self-employed,2007
304,2007-09-01,9,2.8,Self-employed,2007
338,2007-10-01,10,3.1,Self-employed,2007
336,2007-11-01,11,3.2,Self-employed,2007
326,2007-12-01,12,3.2,Self-employed,2007
338,2008-01-01,1,3.3,Self-employed,2008
340,2008-02-01,2,3.2,Self-employed,2008
346,2008-03-01,3,3.3,Self-employed,2008
338,2008-04-01,4,3.2,Self-employed,2008
366,2008-05-01,5,3.4,Self-employed,2008
364,2008-06-01,6,3.3,Self-employed,2008
345,2008-07-01,7,3.1,Self-employed,2008
378,2008-08-01,8,3.5,Self-employed,2008
414,2008-09-01,9,3.9,Self-employed,2008
396,2008-10-01,10,3.9,Self-employed,2008
411,2008-11-01,11,4.1,Self-employed,2008
559,2008-12-01,12,5.5,Self-employed,2008
659,2009-01-01,1,6.5,Self-employed,2009
586,2009-02-01,2,5.7,Self-employed,2009
625,2009-03-01,3,5.9,Self-employed,2009
488,2009-04-01,4,4.6,Self-employed,2009
530,2009-05-01,5,5.0,Self-employed,2009
472,2009-06-01,6,4.4,Self-employed,2009
552,2009-07-01,7,5.2,Self-employed,2009
569,2009-08-01,8,5.3,Self-employed,2009
636,2009-09-01,9,5.9,Self-employed,2009
610,2009-10-01,10,5.9,Self-employed,2009
592,2009-11-01,11,5.7,Self-employed,2009
609,2009-12-01,12,5.9,Self-employed,2009
730,2010-01-01,1,7.2,Self-employed,2010
680,2010-02-01,2,6.5,Self-employed,2010
